,STATE,DISTRICT,CASES,cluster
0,A&N ISLANDS,A AND N ISLANDS,807,Very low crime area
1,A&N ISLANDS,ANDAMAN,7377,Very low crime area
2,A&N ISLANDS,CAR,48,Very low crime area
3,A&N ISLANDS,NICOBAR,266,Very low crime area
4,A&N ISLANDS,NORTH,271,Very low crime area
5,A&N ISLANDS,NORTH & MIDDLE ANDAMAN,159,Very low crime area
6,A&N ISLANDS,SOUTH,976,Very low crime area
7,A&N ISLANDS,SOUTH ANDAMAN,556,Very low crime area
10,ANDHRA PRADESH,ADILABAD,68340,High crime area
11,ANDHRA PRADESH,ANANTAPUR,75216,High crime area
12,ANDHRA PRADESH,CHITTOOR,86454,High crime area
13,ANDHRA PRADESH,CUDDAPAH,70998,High crime area
14,ANDHRA PRADESH,CYBERABAD,152842,Very high crime area
15,ANDHRA PRADESH,EAST GODAVARI,107602,Very high crime area
16,ANDHRA PRADESH,GUNTAKAL RAILWAY,490,Very low crime area
17,ANDHRA PRADESH,GUNTAKAL RLY.,3533,Very low crime area
18,ANDHRA PRADESH,GUNTUR,111014,Very high crime area
19,ANDHRA PRADESH,GUNTUR URBAN,22504,Low crime area
20,ANDHRA PRADESH,HYDERABAD CITY,152842,Very high crime area
21,ANDHRA PRADESH,KARIMNAGAR,105564,Very high crime area
22,ANDHRA PRADESH,KHAMMAM,79510,High crime area
23,ANDHRA PRADESH,KRISHNA,81799,High crime area
24,ANDHRA PRADESH,KURNOOL,89876,High crime area
25,ANDHRA PRADESH,MAHABOOBNAGAR,80030,High crime area
26,ANDHRA PRADESH,MEDAK,68981,High crime area
27,ANDHRA PRADESH,NALGONDA,95659,High crime area
28,ANDHRA PRADESH,NELLORE,86976,High crime area
29,ANDHRA PRADESH,NIZAMABAD,69574,High crime area
30,ANDHRA PRADESH,PRAKASHAM,73130,High crime area
31,ANDHRA PRADESH,RAJAHMUNDRY,10969,Very low crime area
32,ANDHRA PRADESH,RANGA REDDY,43228,Low crime area
33,ANDHRA PRADESH,SECUNDERABAD RLY.,7012,Very low crime area
34,ANDHRA PRADESH,SRIKAKULAM,49861,Low crime area
35,ANDHRA PRADESH,TIRUPATHI URBAN,14636,Very low crime area
37,ANDHRA PRADESH,VIJAYAWADA,39350,Low crime area
38,ANDHRA PRADESH,VIJAYAWADA CITY,59354,High crime area
39,ANDHRA PRADESH,VIJAYAWADA RAILWAY,1223,Very low crime area
40,ANDHRA PRADESH,VIJAYAWADA RLY.,5989,Very low crime area
41,ANDHRA PRADESH,VISAKHA RURAL,42178,Low crime area
42,ANDHRA PRADESH,VISAKHAPATNAM,69674,High crime area
43,ANDHRA PRADESH,VIZIANAGARAM,47681,Low crime area
44,ANDHRA PRADESH,WARANGAL,80768,High crime area
45,ANDHRA PRADESH,WARANGAL URBAN,14336,Very low crime area
46,ANDHRA PRADESH,WEST GODAVARI,107069,Very high crime area
48,ARUNACHAL PRADESH,ANJAW,142,Very low crime area
49,ARUNACHAL PRADESH,CHANGLANG,2570,Very low crime area
50,ARUNACHAL PRADESH,CRIME BRANCH,4,Very low crime area
51,ARUNACHAL PRADESH,DIBANG VALLEY,1539,Very low crime area
52,ARUNACHAL PRADESH,K/KUMEY,548,Very low crime area
53,ARUNACHAL PRADESH,KAMENG EAST,1798,Very low crime area
54,ARUNACHAL PRADESH,KAMENG WEST,1601,Very low crime area
55,ARUNACHAL PRADESH,KUKUNG KUMEY,49,Very low crime area
56,ARUNACHAL PRADESH,LOHIT,2764,Very low crime area
57,ARUNACHAL PRADESH,LONGDING,170,Very low crime area
58,ARUNACHAL PRADESH,LOWER DIBANG VALLEY,75,Very low crime area
59,ARUNACHAL PRADESH,PAPUM PARE,6453,Very low crime area
60,ARUNACHAL PRADESH,PAPUM PARE CITY,661,Very low crime area
61,ARUNACHAL PRADESH,PAPUM PARE RURAL,96,Very low crime area
62,ARUNACHAL PRADESH,RURAL,407,Very low crime area
63,ARUNACHAL PRADESH,SIANG EAST,3336,Very low crime area
64,ARUNACHAL PRADESH,SIANG UPPER,824,Very low crime area
65,ARUNACHAL PRADESH,SIANG WEST,3672,Very low crime area
66,ARUNACHAL PRADESH,SUBANSIRI LOWER,1729,Very low crime area
67,ARUNACHAL PRADESH,SUBANSIRI UPPER,2165,Very low crime area
68,ARUNACHAL PRADESH,TAWANG,667,Very low crime area
69,ARUNACHAL PRADESH,TIRAP,1837,Very low crime area
71,ARUNACHAL PRADESH,UPPER DIBANG VALLEY,163,Very low crime area
73,ASSAM,BAKSA,1432,Very low crime area
74,ASSAM,BARPETA,45832,Low crime area
75,ASSAM,BASKA,4122,Very low crime area
76,ASSAM,BIEO,23,Very low crime area
77,ASSAM,BONGAIGAON,16247,Very low crime area
78,ASSAM,C.I.D.,442,Very low crime area
79,ASSAM,CACHAR,58820,High crime area
80,ASSAM,CHIRANG,6130,Very low crime area
81,ASSAM,DARRANG,27238,Low crime area
82,ASSAM,DHEMAJI,14159,Very low crime area
83,ASSAM,DHUBRI,49186,Low crime area
84,ASSAM,DIBANG VALLEY,32319,Low crime area
85,ASSAM,G. R. P.,319,Very low crime area
86,ASSAM,G.R.P.,3906,Very low crime area
87,ASSAM,GOALPARA,22287,Low crime area
88,ASSAM,GOLAGHAT,24473,Low crime area
89,ASSAM,GUWAHATI CITY,101308,Very high crime area
90,ASSAM,HAILAKANDI,15792,Very low crime area
91,ASSAM,HAMREN,398,Very low crime area
92,ASSAM,JORHAT,25093,Low crime area
93,ASSAM,KAMRUP,32948,Low crime area
94,ASSAM,KARBI ANGLONG,9751,Very low crime area
95,ASSAM,KARIMGANJ,20203,Low crime area
96,ASSAM,KOKRAJHAR,19862,Very low crime area
97,ASSAM,LAKHIMPUR,26620,Low crime area
98,ASSAM,MORIGAON,17811,Very low crime area
99,ASSAM,N. C. HILLS,299,Very low crime area
100,ASSAM,N.C.HILLS,2986,Very low crime area
101,ASSAM,NAGAON,67069,High crime area
102,ASSAM,NALBARI,18554,Very low crime area
103,ASSAM,R.P.O.,1101,Very low crime area
104,ASSAM,SIBSAGAR,31727,Low crime area
105,ASSAM,SONITPUR,41712,Low crime area
106,ASSAM,STF,13,Very low crime area
107,ASSAM,TINSUKIA,30309,Low crime area
109,ASSAM,UDALGURI,8792,Very low crime area
111,BIHAR,ANTI TERRORIST SQUAD,0,Very low crime area
112,BIHAR,ARARIA,35126,Low crime area
113,BIHAR,ARWAL,9573,Very low crime area
114,BIHAR,AURANGABAD,38671,Low crime area
115,BIHAR,BAGAHA,20619,Low crime area
116,BIHAR,BANKA,23917,Low crime area
117,BIHAR,BEGUSARAI,48540,Low crime area
118,BIHAR,BETTIAH,52381,High crime area
119,BIHAR,BHABHUA,23415,Low crime area
120,BIHAR,BHAGALPUR,46789,Low crime area
121,BIHAR,BHOJPUR,50882,High crime area
122,BIHAR,BUXAR,28214,Low crime area
123,BIHAR,DARBHANGA,56425,High crime area
124,BIHAR,ECONOMIC OFFENCES UNIT,10,Very low crime area
125,BIHAR,GAYA,63283,High crime area
126,BIHAR,GOPALGANJ,39200,Low crime area
127,BIHAR,JAMALPUR RAILWAY,298,Very low crime area
128,BIHAR,JAMALPUR RLY.,3145,Very low crime area
129,BIHAR,JAMUI,22315,Low crime area
130,BIHAR,JEHANABAD,21376,Low crime area
131,BIHAR,KATIHAR,36936,Low crime area
132,BIHAR,KATIHAR RAILWAY,313,Very low crime area
133,BIHAR,KATIHAR RLY.,5442,Very low crime area
134,BIHAR,KHAGARIA,24407,Low crime area
135,BIHAR,KISHANGANJ,17269,Very low crime area
136,BIHAR,LAKHISARAI,15611,Very low crime area
137,BIHAR,MADHEPURA,22643,Low crime area
138,BIHAR,MADHUBANI,51858,High crime area
139,BIHAR,MOTIHARI,78684,High crime area
140,BIHAR,MUNGER,26689,Low crime area
141,BIHAR,MUZAFFARPUR,87646,High crime area
142,BIHAR,MUZAFFARPUR RAILWAY,596,Very low crime area
143,BIHAR,MUZAFFARPUR RLY.,7719,Very low crime area
144,BIHAR,NALANDA,58274,High crime area
145,BIHAR,NAUGACHIA,16514,Very low crime area
146,BIHAR,NAWADAH,29080,Low crime area
147,BIHAR,PATNA,152842,Very high crime area
148,BIHAR,PATNA RAILWAY,1216,Very low crime area
149,BIHAR,PATNA RLY.,13758,Very low crime area
150,BIHAR,PURNEA,41072,Low crime area
151,BIHAR,ROHTAS,51672,High crime area
152,BIHAR,SAHARSA,26297,Low crime area
153,BIHAR,SAMASTIPUR,53784,High crime area
154,BIHAR,SARAN,58552,High crime area
155,BIHAR,SHEIKHPURA,12808,Very low crime area
156,BIHAR,SHEOHAR,7499,Very low crime area
157,BIHAR,SITAMARHI,46167,Low crime area
158,BIHAR,SIWAN,41248,Low crime area
159,BIHAR,SUPAUL,26639,Low crime area
161,BIHAR,VAISHALI,61119,High crime area
163,CHANDIGARH,CHANDIGARH,48105,Low crime area
166,CHHATTISGARH,BALOD,3811,Very low crime area
167,CHHATTISGARH,BALODA BAZAR,4655,Very low crime area
168,CHHATTISGARH,BALODBAZAR,2578,Very low crime area
169,CHHATTISGARH,BALRAMPUR,10339,Very low crime area
170,CHHATTISGARH,BEMETARA,2808,Very low crime area
171,CHHATTISGARH,BEMETRA,1645,Very low crime area
172,CHHATTISGARH,BILASPUR,75057,High crime area
173,CHHATTISGARH,BIZAPUR,4594,Very low crime area
174,CHHATTISGARH,DANTEWARA,8904,Very low crime area
175,CHHATTISGARH,DHAMTARI,18529,Very low crime area
176,CHHATTISGARH,DURG,100735,Very high crime area
177,CHHATTISGARH,G. R. P. RAIPUR,400,Very low crime area
178,CHHATTISGARH,GARIYABAND,3332,Very low crime area
179,CHHATTISGARH,GRP RAIPUR,4273,Very low crime area
180,CHHATTISGARH,JAGDALPUR,27471,Low crime area
181,CHHATTISGARH,JANJGIR,38864,Low crime area
182,CHHATTISGARH,JASHPUR,14825,Very low crime area
183,CHHATTISGARH,KABIRDHAM,16709,Very low crime area
184,CHHATTISGARH,KANKER,14180,Very low crime area
185,CHHATTISGARH,KAWARDHA,685,Very low crime area
186,CHHATTISGARH,KOLLAM RURAL,1938,Very low crime area
187,CHHATTISGARH,KORBA,32894,Low crime area
188,CHHATTISGARH,KORIYA,22082,Low crime area
189,CHHATTISGARH,MAHASAMUND,23840,Low crime area
190,CHHATTISGARH,MUNGALI,938,Very low crime area
191,CHHATTISGARH,MUNGELI,2231,Very low crime area
192,CHHATTISGARH,NARAYANPUR,2021,Very low crime area
193,CHHATTISGARH,RAIGARH,36006,Low crime area
194,CHHATTISGARH,RAIPUR,115723,Very high crime area
195,CHHATTISGARH,RAJNANDGAON,39120,Low crime area
196,CHHATTISGARH,SARGUJA,29455,Low crime area
197,CHHATTISGARH,SUKMA,658,Very low crime area
198,CHHATTISGARH,SURAJPUR,14796,Very low crime area
201,D&N HAVELI,D AND N HAVELI,4651,Very low crime area
202,D&N HAVELI,D&N HAVELI,591,Very low crime area
205,DAMAN & DIU,DAMAN,2813,Very low crime area
206,DAMAN & DIU,DIU,613,Very low crime area
209,DELHI,CAW,796,Very low crime area
210,DELHI,CENTRAL,38329,Low crime area
211,DELHI,CRIME BRANCH,393,Very low crime area
212,DELHI,DELHI UT TOTAL,152842,Very high crime area
213,DELHI,EAST,68298,High crime area
214,DELHI,EOW,783,Very low crime area
215,DELHI,G.R.P.(RLY),6640,Very low crime area
216,DELHI,GRP(RLY),6442,Very low crime area
217,DELHI,I.G.I. AIRPORT,2700,Very low crime area
218,DELHI,IGI AIRPORT,5151,Very low crime area
219,DELHI,NEW DELHI,23713,Low crime area
220,DELHI,NORTH,38613,Low crime area
221,DELHI,NORTH EAST,13427,Very low crime area
222,DELHI,NORTH WEST,37814,Low crime area
223,DELHI,NORTH-EAST,41291,Low crime area
224,DELHI,NORTH-WEST,50681,Low crime area
225,DELHI,OUTER,33853,Low crime area
226,DELHI,S.T.F.,158,Very low crime area
227,DELHI,SOUTH,95628,High crime area
228,DELHI,SOUTH WEST,21314,Low crime area
229,DELHI,SOUTH-EAST,31194,Low crime area
230,DELHI,SOUTH-WEST,38093,Low crime area
231,DELHI,SPL CELL,133,Very low crime area
232,DELHI,STF,181,Very low crime area
233,DELHI,WEST,77547,High crime area
234,DELHI UT,CAW,203,Very low crime area
235,DELHI UT,CENTRAL,13494,Very low crime area
236,DELHI UT,CRIME BRANCH,132,Very low crime area
237,DELHI UT,EAST,29030,Low crime area
238,DELHI UT,EOW,248,Very low crime area
239,DELHI UT,GRP(RLY),760,Very low crime area
240,DELHI UT,IGI AIRPORT,804,Very low crime area
241,DELHI UT,METRO,2309,Very low crime area
242,DELHI UT,METRO RAIL,962,Very low crime area
243,DELHI UT,NEW DELHI,3879,Very low crime area
244,DELHI UT,NORTH,12282,Very low crime area
245,DELHI UT,NORTH-EAST,25945,Low crime area
246,DELHI UT,NORTH-WEST,19815,Very low crime area
247,DELHI UT,OUTER,29898,Low crime area
248,DELHI UT,RAILWAY,1816,Very low crime area
249,DELHI UT,SOUTH,25963,Low crime area
250,DELHI UT,SOUTH-EAST,23522,Low crime area
251,DELHI UT,SOUTH-WEST,17283,Very low crime area
252,DELHI UT,SPL CELL,14,Very low crime area
253,DELHI UT,SPUWAC,160,Very low crime area
254,DELHI UT,STF,14,Very low crime area
256,DELHI UT,VIGILANCE,0,Very low crime area
257,DELHI UT,WEST,27301,Low crime area
259,GOA,C. I. D.,112,Very low crime area
260,GOA,NORTH GOA,23648,Low crime area
261,GOA,SOUTH GOA,17069,Very low crime area
264,GUJARAT,AHMEDABAD CITY,15286,Very low crime area
265,GUJARAT,AHMEDABAD COMMR.,152842,Very high crime area
266,GUJARAT,AHMEDABAD RURAL,46015,Low crime area
267,GUJARAT,AHWA-DANG,2485,Very low crime area
268,GUJARAT,AMRELI,31798,Low crime area
269,GUJARAT,ANAND,47604,Low crime area
270,GUJARAT,ARVALLI,3841,Very low crime area
271,GUJARAT,BANASKANTHA,4464,Very low crime area
272,GUJARAT,BHARUCH,40101,Low crime area
273,GUJARAT,BHAVNAGAR,73713,High crime area
274,GUJARAT,BOTAD,783,Very low crime area
275,GUJARAT,C. I. D. CRIME,8,Very low crime area
276,GUJARAT,CHHOTAUDEPUR,1144,Very low crime area
277,GUJARAT,CID CRIME,62,Very low crime area
278,GUJARAT,DAHOD,24556,Low crime area
279,GUJARAT,DANG,283,Very low crime area
280,GUJARAT,DEVBHUMI DWARKA,1106,Very low crime area
281,GUJARAT,GANDHINAGAR,63453,High crime area
282,GUJARAT,GIR SOMNATH,1405,Very low crime area
283,GUJARAT,HIMATNAGAR,66884,High crime area
284,GUJARAT,JAMNAGAR,61363,High crime area
285,GUJARAT,JUNAGADH,65301,High crime area
286,GUJARAT,KACHCHH EAST(G),3349,Very low crime area
287,GUJARAT,KACHCHH WEST(B),2269,Very low crime area
288,GUJARAT,KHEDA,3614,Very low crime area
289,GUJARAT,KHEDA NORTH,58113,High crime area
290,GUJARAT,KUTCH,42700,Low crime area
291,GUJARAT,KUTCH (EAST(G)),8466,Very low crime area
292,GUJARAT,KUTCH (WEST-BHUJ),5845,Very low crime area
293,GUJARAT,MAHISAGAR,1040,Very low crime area
294,GUJARAT,MEHSANA,71680,High crime area
295,GUJARAT,MORBI,2332,Very low crime area
296,GUJARAT,NARMADA,9909,Very low crime area
297,GUJARAT,NAVSARI,18098,Very low crime area
298,GUJARAT,PALANPUR,57400,High crime area
299,GUJARAT,PANCHMAHAL,43719,Low crime area
300,GUJARAT,PATAN,37676,Low crime area
301,GUJARAT,PORBANDAR,13739,Very low crime area
302,GUJARAT,RAJKOT CITY,3516,Very low crime area
303,GUJARAT,RAJKOT COMMR.,55748,High crime area
304,GUJARAT,RAJKOT RURAL,58584,High crime area
305,GUJARAT,SABARKANTHA,5647,Very low crime area
306,GUJARAT,SURAT CITY,4397,Very low crime area
307,GUJARAT,SURAT COMMR.,109347,Very high crime area
308,GUJARAT,SURAT RURAL,33652,Low crime area
309,GUJARAT,SURENDRANAGAR,41744,Low crime area
310,GUJARAT,TAPI,5248,Very low crime area
312,GUJARAT,VADODARA CITY,12651,Very low crime area
313,GUJARAT,VADODARA COMMR.,80233,High crime area
314,GUJARAT,VADODARA RURAL,42569,Low crime area
315,GUJARAT,VALSAD,32961,Low crime area
316,GUJARAT,W.RLY,13502,Very low crime area
317,GUJARAT,W.RLY  AHMEDABAD,454,Very low crime area
318,GUJARAT,W.RLY AHMEDABAD,1050,Very low crime area
319,GUJARAT,W.RLY VADODARA,2423,Very low crime area
321,HARYANA,AMBALA,26471,Low crime area
322,HARYANA,AMBALA (RURAL),1098,Very low crime area
323,HARYANA,AMBALA (URBAN),1977,Very low crime area
324,HARYANA,AMBALA RURAL,2192,Very low crime area
325,HARYANA,AMBALA URBAN,4597,Very low crime area
326,HARYANA,BHIWANI,38460,Low crime area
327,HARYANA,FARIDABAD,75244,High crime area
328,HARYANA,FATEHABAD,20651,Low crime area
329,HARYANA,G. R. P.,1139,Very low crime area
330,HARYANA,GRP,13161,Very low crime area
331,HARYANA,GURGAON,85934,High crime area
332,HARYANA,HISSAR,49286,Low crime area
333,HARYANA,I&P HARYANA,649,Very low crime area
334,HARYANA,IRRIGATION & POWER,192,Very low crime area
335,HARYANA,JHAJJAR,23642,Low crime area
336,HARYANA,JIND,26372,Low crime area
337,HARYANA,KAITHAL,21416,Low crime area
338,HARYANA,KARNAL,43889,Low crime area
339,HARYANA,KURUKSHETRA,31714,Low crime area
340,HARYANA,MAHENDERGARH,2262,Very low crime area
341,HARYANA,MAHENDRAGARH,20578,Low crime area
342,HARYANA,MEWAT,18525,Very low crime area
343,HARYANA,PALWAL,20673,Low crime area
344,HARYANA,PANCHKULA,19322,Very low crime area
345,HARYANA,PANIPAT,37148,Low crime area
346,HARYANA,REWARI,28733,Low crime area
347,HARYANA,ROHTAK,35630,Low crime area
348,HARYANA,SIRSA,28711,Low crime area
349,HARYANA,SONIPAT,40473,Low crime area
351,HARYANA,YAMUNANAGAR,27209,Low crime area
353,HIMACHAL PRADESH,BADDI,651,Very low crime area
354,HIMACHAL PRADESH,BADDIPOLICEDIST,2524,Very low crime area
355,HIMACHAL PRADESH,BILASPUR,15553,Very low crime area
356,HIMACHAL PRADESH,C. I. D.,4,Very low crime area
357,HIMACHAL PRADESH,CHAMBA,9221,Very low crime area
358,HIMACHAL PRADESH,CID,24,Very low crime area
359,HIMACHAL PRADESH,G. R. P.,9,Very low crime area
360,HIMACHAL PRADESH,G.R.P.,132,Very low crime area
361,HIMACHAL PRADESH,HAMIRPUR,12872,Very low crime area
362,HIMACHAL PRADESH,KANGRA,32723,Low crime area
363,HIMACHAL PRADESH,KHURDA,2632,Very low crime area
364,HIMACHAL PRADESH,KULLU,12077,Very low crime area
365,HIMACHAL PRADESH,LAHAUL & SPITI,84,Very low crime area
366,HIMACHAL PRADESH,LAHAUL-SPITI,909,Very low crime area
367,HIMACHAL PRADESH,MANDI,25820,Low crime area
368,HIMACHAL PRADESH,SHIMLA,27558,Low crime area
369,HIMACHAL PRADESH,SIRMAUR,11101,Very low crime area
370,HIMACHAL PRADESH,SOLAN,16190,Very low crime area
372,HIMACHAL PRADESH,UNA,12774,Very low crime area
374,JAMMU & KASHMIR,ANANTNAG,19197,Very low crime area
375,JAMMU & KASHMIR,AWANTIPORA,5406,Very low crime area
376,JAMMU & KASHMIR,BANDIPORA,3877,Very low crime area
377,JAMMU & KASHMIR,BARAMULLA,20250,Low crime area
378,JAMMU & KASHMIR,BORDER,3451,Very low crime area
379,JAMMU & KASHMIR,BORDER DISTRICT,1192,Very low crime area
380,JAMMU & KASHMIR,BUDGAM,15917,Very low crime area
381,JAMMU & KASHMIR,CRIME JAMMU,402,Very low crime area
382,JAMMU & KASHMIR,CRIME KASHMIR,32,Very low crime area
383,JAMMU & KASHMIR,CRIME SRINAGAR,759,Very low crime area
384,JAMMU & KASHMIR,DODA,10536,Very low crime area
385,JAMMU & KASHMIR,GANDERBAL,6987,Very low crime area
386,JAMMU & KASHMIR,HANDWARA,5962,Very low crime area
387,JAMMU & KASHMIR,JAMMU,52236,High crime area
388,JAMMU & KASHMIR,KARGIL,1402,Very low crime area
389,JAMMU & KASHMIR,KATHUA,15119,Very low crime area
390,JAMMU & KASHMIR,KISHTWAR,2529,Very low crime area
391,JAMMU & KASHMIR,KULGAM,9542,Very low crime area
392,JAMMU & KASHMIR,KUPWARA,9455,Very low crime area
393,JAMMU & KASHMIR,LEH,2490,Very low crime area
394,JAMMU & KASHMIR,POONCH,10629,Very low crime area
395,JAMMU & KASHMIR,PULWAMA,9537,Very low crime area
396,JAMMU & KASHMIR,RAILWAYS,241,Very low crime area
397,JAMMU & KASHMIR,RAILWAYS JAMMU,65,Very low crime area
398,JAMMU & KASHMIR,RAILWAYS KASHMIR,75,Very low crime area
399,JAMMU & KASHMIR,RAILWAYS KATRA,9,Very low crime area
400,JAMMU & KASHMIR,RAILWAYS KMR,10,Very low crime area
401,JAMMU & KASHMIR,RAJOURI,19913,Very low crime area
402,JAMMU & KASHMIR,RAMBAN,9319,Very low crime area
403,JAMMU & KASHMIR,REASI,6527,Very low crime area
404,JAMMU & KASHMIR,SAMBA,4926,Very low crime area
405,JAMMU & KASHMIR,SHOPIAN,3466,Very low crime area
406,JAMMU & KASHMIR,SOPORE,3164,Very low crime area
407,JAMMU & KASHMIR,SRINAGAR,39058,Low crime area
409,JAMMU & KASHMIR,UDHAMPUR,14710,Very low crime area
411,JHARKHAND,BOKARO,37227,Low crime area
412,JHARKHAND,CHAIBASA,12293,Very low crime area
413,JHARKHAND,CHATRA,13013,Very low crime area
414,JHARKHAND,DEOGHAR,23197,Low crime area
415,JHARKHAND,DHANBAD,52821,High crime area
416,JHARKHAND,DHANBAD RAILWAY,365,Very low crime area
417,JHARKHAND,DHANBAD RLY.,4277,Very low crime area
418,JHARKHAND,DUMKA,19892,Very low crime area
419,JHARKHAND,GARHWA,19836,Very low crime area
420,JHARKHAND,GIRIDIH,37090,Low crime area
421,JHARKHAND,GODDA,22531,Low crime area
422,JHARKHAND,GUMLA,12490,Very low crime area
423,JHARKHAND,HAZARIBAGH,37714,Low crime area
424,JHARKHAND,JAMSHEDPUR,46387,Low crime area
425,JHARKHAND,JAMSHEDPUR RAILWAY,188,Very low crime area
426,JHARKHAND,JAMSHEDPUR RLY.,3142,Very low crime area
427,JHARKHAND,JAMTARA,9425,Very low crime area
428,JHARKHAND,KHOWAI,2929,Very low crime area
429,JHARKHAND,KODERMA,13402,Very low crime area
430,JHARKHAND,LATEHAR,7632,Very low crime area
431,JHARKHAND,LOHARDAGGA,7166,Very low crime area
432,JHARKHAND,PAKUR,10235,Very low crime area
433,JHARKHAND,PALAMU,26073,Low crime area
434,JHARKHAND,RAMGARH,9037,Very low crime area
435,JHARKHAND,RANCHI,55447,High crime area
436,JHARKHAND,SAHEBGANJ,14020,Very low crime area
437,JHARKHAND,SARAIKELA,12703,Very low crime area
438,JHARKHAND,SIMDEGA,5360,Very low crime area
441,KARNATAKA,BAGALKOT,29193,Low crime area
442,KARNATAKA,BALLARI,3304,Very low crime area
443,KARNATAKA,BANGALORE COMMR.,152842,Very high crime area
444,KARNATAKA,BANGALORE RURAL,83124,High crime area
445,KARNATAKA,BELAGAVI CITY,2395,Very low crime area
446,KARNATAKA,BELAGAVI DISTRICT,4851,Very low crime area
447,KARNATAKA,BELGAUM,80290,High crime area
448,KARNATAKA,BELLARY,45122,Low crime area
449,KARNATAKA,BENGALURU CITY,31892,Low crime area
450,KARNATAKA,BENGALURU DISTRICT,5567,Very low crime area
451,KARNATAKA,BIDAR,53694,High crime area
452,KARNATAKA,BIJAPUR,40556,Low crime area
453,KARNATAKA,CBPURA,13709,Very low crime area
454,KARNATAKA,CHAMARAJNAGAR,21974,Low crime area
455,KARNATAKA,CHICKMAGALUR,37460,Low crime area
456,KARNATAKA,CHIKKABALLAPURA,2405,Very low crime area
457,KARNATAKA,CHIKKAMAGALURU,2877,Very low crime area
458,KARNATAKA,CHITRADURGA,52930,High crime area
459,KARNATAKA,DAKSHIN KANNADA,44331,Low crime area
460,KARNATAKA,DAKSHINA KANNADA,2087,Very low crime area
461,KARNATAKA,DAVANAGERE,43645,Low crime area
462,KARNATAKA,DHARWAD,1219,Very low crime area
463,KARNATAKA,DHARWAD,26206,Low crime area
464,KARNATAKA,DHARWAD COMMR.,14306,Very low crime area
465,KARNATAKA,GADAG,14622,Very low crime area
466,KARNATAKA,GULBARGA,61604,High crime area
467,KARNATAKA,HASSAN,68156,High crime area
468,KARNATAKA,HAVERI,29486,Low crime area
469,KARNATAKA,HUBBALLI DHARWAD CITY,1935,Very low crime area
470,KARNATAKA,K.G.F.,12456,Very low crime area
471,KARNATAKA,K.RAILWAYS,948,Very low crime area
472,KARNATAKA,KALABURGI,4448,Very low crime area
473,KARNATAKA,KODAGU,22576,Low crime area
474,KARNATAKA,KOLAR,37917,Low crime area
475,KARNATAKA,KONDAGAON,22767,Low crime area
476,KARNATAKA,MANDYA,67653,High crime area
477,KARNATAKA,MANGALORE CITY,8172,Very low crime area
478,KARNATAKA,MANGALURU CITY,3039,Very low crime area
479,KARNATAKA,MYSORE COMMR.,34375,Low crime area
480,KARNATAKA,MYSORE RURAL,43345,Low crime area
481,KARNATAKA,MYSURU CITY,2766,Very low crime area
482,KARNATAKA,MYSURU DISTRICT,4118,Very low crime area
483,KARNATAKA,RAICHUR,39813,Low crime area
484,KARNATAKA,RAILWAYS,8500,Very low crime area
485,KARNATAKA,RAMANAGAR,30383,Low crime area
486,KARNATAKA,SHIMOGA,67383,High crime area
488,KARNATAKA,TUMAKURU,4523,Very low crime area
489,KARNATAKA,TUMKUR,60766,High crime area
490,KARNATAKA,UDUPI,33057,Low crime area
491,KARNATAKA,UTTAR KANNADA,33156,Low crime area
492,KARNATAKA,UTTARA KANNADA,2783,Very low crime area
493,KARNATAKA,VIJAYAPURA,2931,Very low crime area
494,KARNATAKA,YADGIRI,7604,Very low crime area
496,KERALA,ALAPUZHA,116019,Very high crime area
497,KERALA,CBCID,1339,Very low crime area
498,KERALA,CRIME BRANCH,185,Very low crime area
499,KERALA,ERNAKULAM,30516,Low crime area
500,KERALA,ERNAKULAM COMMR.,135373,Very high crime area
501,KERALA,ERNAKULAM RURAL,152842,Very high crime area
502,KERALA,IDUKKI,73154,High crime area
503,KERALA,KANNUR,84995,High crime area
504,KERALA,KASARGOD,51527,High crime area
505,KERALA,KOLLAM,97571,Very high crime area
506,KERALA,KOLLAM COMMR.,30535,Low crime area
507,KERALA,KOLLAM COMMR.,27684,Low crime area
508,KERALA,KOTTAYAM,127862,Very high crime area
509,KERALA,KOZHIKODE,17140,Very low crime area
510,KERALA,KOZHIKODE COMMR.,48847,Low crime area
511,KERALA,KOZHIKODE RURAL,64825,High crime area
512,KERALA,MALAPPURAM,134136,Very high crime area
513,KERALA,PALAKKAD,107351,Very high crime area
514,KERALA,PATHANAMTHITTA,72010,High crime area
515,KERALA,RAILWAYS,4138,Very low crime area
516,KERALA,THRISSUR,101593,Very high crime area
517,KERALA,THRISSUR COMMR.,24155,Low crime area
518,KERALA,THRISSUR RURAL,62213,High crime area
520,KERALA,TRIVANDRUM,24058,Low crime area
521,KERALA,TRIVANDRUM COMMR.,79705,High crime area
522,KERALA,TRIVANDRUM RURAL,109962,Very high crime area
523,KERALA,WAYANADU,36568,Low crime area
525,LAKSHADWEEP,LAKSHADWEEP,864,Very low crime area
528,MADHYA PRADESH,AGAR,2861,Very low crime area
529,MADHYA PRADESH,ALIRAJPUR,8785,Very low crime area
530,MADHYA PRADESH,ANUPPUR,18392,Very low crime area
531,MADHYA PRADESH,ASHOK NAGAR,28832,Low crime area
532,MADHYA PRADESH,BALAGHAT,38588,Low crime area
533,MADHYA PRADESH,BARWANI,30156,Low crime area
534,MADHYA PRADESH,BETUL,47385,Low crime area
535,MADHYA PRADESH,BHIND,52092,High crime area
536,MADHYA PRADESH,BHOJPUR,152842,Very high crime area
537,MADHYA PRADESH,BHOPAL RAILWAY,2067,Very low crime area
538,MADHYA PRADESH,BHOPAL RLY.,18460,Very low crime area
539,MADHYA PRADESH,BURHANPUR,16047,Very low crime area
540,MADHYA PRADESH,CHHATARPUR,60343,High crime area
541,MADHYA PRADESH,CHHINDWARA,63601,High crime area
542,MADHYA PRADESH,CYBER CELL,0,Very low crime area
543,MADHYA PRADESH,DAMOH,40121,Low crime area
544,MADHYA PRADESH,DATIA,2783,Very low crime area
545,MADHYA PRADESH,DATIYA,29677,Low crime area
546,MADHYA PRADESH,DEWAS,83672,High crime area
547,MADHYA PRADESH,DHAR,76662,High crime area
548,MADHYA PRADESH,DINDORI,16305,Very low crime area
549,MADHYA PRADESH,GUNA,55019,High crime area
550,MADHYA PRADESH,GWALIOR,134857,Very high crime area
551,MADHYA PRADESH,HARDA,17028,Very low crime area
552,MADHYA PRADESH,HOSHANGABAD,49812,Low crime area
553,MADHYA PRADESH,INDORE,152842,Very high crime area
554,MADHYA PRADESH,INDORE RAILWAY,552,Very low crime area
555,MADHYA PRADESH,INDORE RLY.,4158,Very low crime area
556,MADHYA PRADESH,JABALPUR,143154,Very high crime area
557,MADHYA PRADESH,JABALPUR RAILWAY,1159,Very low crime area
558,MADHYA PRADESH,JABALPUR RLY.,6968,Very low crime area
559,MADHYA PRADESH,JHABUA,34512,Low crime area
560,MADHYA PRADESH,KATNI,41389,Low crime area
561,MADHYA PRADESH,KHANDWA,48640,Low crime area
562,MADHYA PRADESH,KHARGON,53001,High crime area
563,MADHYA PRADESH,KHARGONE,4533,Very low crime area
564,MADHYA PRADESH,MANDLA,26762,Low crime area
565,MADHYA PRADESH,MANDSAUR,47009,Low crime area
566,MADHYA PRADESH,MORENA,71820,High crime area
567,MADHYA PRADESH,NARSINGHPUR,38205,Low crime area
568,MADHYA PRADESH,NEEMUCH,30774,Low crime area
569,MADHYA PRADESH,PANNA,25303,Low crime area
570,MADHYA PRADESH,RAISEN,53522,High crime area
571,MADHYA PRADESH,RAJGARH,64217,High crime area
572,MADHYA PRADESH,RATLAM,51740,High crime area
573,MADHYA PRADESH,REWA,70027,High crime area
574,MADHYA PRADESH,SAGAR,110707,Very high crime area
575,MADHYA PRADESH,SATNA,76419,High crime area
576,MADHYA PRADESH,SEHORE,5006,Very low crime area
577,MADHYA PRADESH,SEONI,35563,Low crime area
578,MADHYA PRADESH,SHAHDOL,48083,Low crime area
579,MADHYA PRADESH,SHAJAPUR,49496,Low crime area
580,MADHYA PRADESH,SHEOPUR,17557,Very low crime area
581,MADHYA PRADESH,SHIVPURI,61626,High crime area
582,MADHYA PRADESH,SIDHI,45438,Low crime area
583,MADHYA PRADESH,SIHORE,45836,Low crime area
584,MADHYA PRADESH,SINGRAULI,17116,Very low crime area
585,MADHYA PRADESH,TIKAMGARH,44550,Low crime area
587,MADHYA PRADESH,UJJAIN,114952,Very high crime area
588,MADHYA PRADESH,UMARIA,2172,Very low crime area
589,MADHYA PRADESH,UMARIYA,17162,Very low crime area
590,MADHYA PRADESH,VIDISHA,60735,High crime area
592,MAHARASHTRA,AHMEDNAGAR,86653,High crime area
593,MAHARASHTRA,AKOLA,57753,High crime area
594,MAHARASHTRA,AMRAVATI COMMR.,38940,Low crime area
595,MAHARASHTRA,AMRAVATI RURAL,60144,High crime area
596,MAHARASHTRA,AURANGABAD COMMR.,45226,Low crime area
597,MAHARASHTRA,AURANGABAD RURAL,44283,Low crime area
598,MAHARASHTRA,BEED,58717,High crime area
599,MAHARASHTRA,BHANDARA,32610,Low crime area
600,MAHARASHTRA,BULDHANA,55666,High crime area
601,MAHARASHTRA,CHANDRAPUR,53415,High crime area
602,MAHARASHTRA,DHULE,35104,Low crime area
603,MAHARASHTRA,GADCHIROLI,16772,Very low crime area
604,MAHARASHTRA,GONDIA,27437,Low crime area
605,MAHARASHTRA,HINGOLI,23767,Low crime area
606,MAHARASHTRA,JALGAON,67781,High crime area
607,MAHARASHTRA,JALNA,39707,Low crime area
608,MAHARASHTRA,KOLHAPUR,54287,High crime area
609,MAHARASHTRA,LATUR,48219,Low crime area
610,MAHARASHTRA,MUMBAI,141815,Very high crime area
611,MAHARASHTRA,MUMBAI COMMR.,152842,Very high crime area
612,MAHARASHTRA,MUMBAI RAILWAY,3141,Very low crime area
613,MAHARASHTRA,MUMBAI RLY.,27878,Low crime area
614,MAHARASHTRA,NAGPUR COMMR.,124195,Very high crime area
615,MAHARASHTRA,NAGPUR RAILWAY,1768,Very low crime area
616,MAHARASHTRA,NAGPUR RLY.,15402,Very low crime area
617,MAHARASHTRA,NAGPUR RURAL,62816,High crime area
618,MAHARASHTRA,NANDED,72134,High crime area
619,MAHARASHTRA,NANDURBAR,19026,Very low crime area
620,MAHARASHTRA,NASIK COMMR.,48407,Low crime area
621,MAHARASHTRA,NASIK RURAL,70415,High crime area
622,MAHARASHTRA,NAVI MUMBAI,62768,High crime area
623,MAHARASHTRA,OSMANABAD,40165,Low crime area
624,MAHARASHTRA,PALGHAR,4692,Very low crime area
625,MAHARASHTRA,PARBHANI,38773,Low crime area
626,MAHARASHTRA,PUNE COMMR.,152842,Very high crime area
627,MAHARASHTRA,PUNE RAILWAY,676,Very low crime area
628,MAHARASHTRA,PUNE RLY.,4971,Very low crime area
629,MAHARASHTRA,PUNE RURAL,93705,High crime area
630,MAHARASHTRA,RAIGAD,31447,Low crime area
631,MAHARASHTRA,RATNAGIRI,20557,Low crime area
632,MAHARASHTRA,SANGLI,42033,Low crime area
633,MAHARASHTRA,SATARA,60848,High crime area
634,MAHARASHTRA,SINDHUDURG,11361,Very low crime area
635,MAHARASHTRA,SOLAPUR COMMR.,24658,Low crime area
636,MAHARASHTRA,SOLAPUR RURAL,58024,High crime area
637,MAHARASHTRA,THANE COMMR.,126475,Very high crime area
638,MAHARASHTRA,THANE RURAL,72352,High crime area
640,MAHARASHTRA,WARDHA,53579,High crime area
641,MAHARASHTRA,WASHIM,30179,Low crime area
642,MAHARASHTRA,YAVATMAL,81439,High crime area
644,MANIPUR,BISHNUPUR,4153,Very low crime area
645,MANIPUR,C. I. D.,0,Very low crime area
646,MANIPUR,CHANDEL,1034,Very low crime area
647,MANIPUR,CHURACHANDPUR,1789,Very low crime area
648,MANIPUR,CID,9,Very low crime area
649,MANIPUR,IMPHAL EAST,5398,Very low crime area
650,MANIPUR,IMPHAL WEST,11290,Very low crime area
651,MANIPUR,IMPHAL(EAST),2176,Very low crime area
652,MANIPUR,IMPHAL(WEST),5146,Very low crime area
653,MANIPUR,SENAPATI,1964,Very low crime area
654,MANIPUR,TAMENGLONG,678,Very low crime area
655,MANIPUR,THOUBAL,7331,Very low crime area
657,MANIPUR,UKHRUL,923,Very low crime area
659,MEGHALAYA,GARO HILLS EAST,2118,Very low crime area
660,MEGHALAYA,GARO HILLS NORTH,280,Very low crime area
661,MEGHALAYA,GARO HILLS SOUTH,1065,Very low crime area
662,MEGHALAYA,GARO HILLS SOUTH W.,92,Very low crime area
663,MEGHALAYA,GARO HILLS SOUTH WEST,65,Very low crime area
664,MEGHALAYA,GARO HILLS WEST,5235,Very low crime area
665,MEGHALAYA,JAINTIA HILLS,3821,Very low crime area
666,MEGHALAYA,JAINTIA HILLS EAST,573,Very low crime area
667,MEGHALAYA,JAINTIA HILLS WEST,585,Very low crime area
668,MEGHALAYA,KHASI HILLS EAST,12561,Very low crime area
669,MEGHALAYA,KHASI HILLS SOUTH W.,82,Very low crime area
670,MEGHALAYA,KHASI HILLS SOUTH WEST,59,Very low crime area
671,MEGHALAYA,KHASI HILLS WEST,2428,Very low crime area
672,MEGHALAYA,RI-BHOI,3221,Very low crime area
675,MIZORAM,AIZAWL,14589,Very low crime area
676,MIZORAM,CHAMPHAI,2752,Very low crime area
677,MIZORAM,KOLASIB,2773,Very low crime area
678,MIZORAM,LAWNGTLAI,1823,Very low crime area
679,MIZORAM,LUNGLEI,3483,Very low crime area
680,MIZORAM,MAMIT,1152,Very low crime area
681,MIZORAM,SAIHA,2101,Very low crime area
682,MIZORAM,SERCHHIP,1289,Very low crime area
683,MIZORAM,SPL NARCOTIC,1,Very low crime area
684,MIZORAM,SPL TRAFFIC,20,Very low crime area
686,MIZORAM,TRAFFIC PS,12,Very low crime area
688,NAGALAND,DIBRUGARH,6499,Very low crime area
689,NAGALAND,KIPHIRE,250,Very low crime area
690,NAGALAND,KOHIMA,3071,Very low crime area
691,NAGALAND,LONGLENG,113,Very low crime area
692,NAGALAND,MOKOKCHUNG,995,Very low crime area
693,NAGALAND,MON,860,Very low crime area
694,NAGALAND,PEREN,357,Very low crime area
695,NAGALAND,PHEK,760,Very low crime area
697,NAGALAND,TUENSANG,663,Very low crime area
698,NAGALAND,WOKHA,1079,Very low crime area
699,NAGALAND,ZUNHEBOTO,859,Very low crime area
701,ODISHA,ANGUL,35492,Low crime area
702,ODISHA,BALASORE,44156,Low crime area
703,ODISHA,BARAGARH,21008,Low crime area
704,ODISHA,BERHAMPUR,19123,Very low crime area
705,ODISHA,BHADRAK,27671,Low crime area
706,ODISHA,BOLANGIR,25726,Low crime area
707,ODISHA,BOUDH,6609,Very low crime area
708,ODISHA,CUTTACK,45903,Low crime area
709,ODISHA,DCP BBSR,32209,Low crime area
710,ODISHA,DCP CTC,17085,Very low crime area
711,ODISHA,DEOGARH,7743,Very low crime area
712,ODISHA,DHENKANAL,23285,Low crime area
713,ODISHA,GAJAPATI,5919,Very low crime area
714,ODISHA,GANJAM,29304,Low crime area
715,ODISHA,JAGATSINGHPUR,21822,Low crime area
716,ODISHA,JAJPUR,30789,Low crime area
717,ODISHA,JHARSUGUDA,16569,Very low crime area
718,ODISHA,KALAHANDI,18792,Very low crime area
719,ODISHA,KANDHAMAL,13435,Very low crime area
720,ODISHA,KENDRAPARA,20201,Low crime area
721,ODISHA,KEONJHAR,31136,Low crime area
722,ODISHA,KHUNTI,50559,Low crime area
723,ODISHA,KOPPAL,20487,Low crime area
724,ODISHA,MALKANGIR,5819,Very low crime area
725,ODISHA,MALKANGIRI,419,Very low crime area
726,ODISHA,MAYURBHANJ,33156,Low crime area
727,ODISHA,NABARANGPUR,1694,Very low crime area
728,ODISHA,NAYAGARH,15738,Very low crime area
729,ODISHA,NOWRANGPUR,11451,Very low crime area
730,ODISHA,NUAPADA,10489,Very low crime area
731,ODISHA,PURI,40805,Low crime area
732,ODISHA,RAYAGADA,13000,Very low crime area
733,ODISHA,ROURKELA,23392,Low crime area
734,ODISHA,SAMBALPUR,32614,Low crime area
735,ODISHA,SONEPUR,7171,Very low crime area
736,ODISHA,SRP (CUTTACK),546,Very low crime area
737,ODISHA,SRP (ROURKELA),460,Very low crime area
738,ODISHA,SRP(CUTTACK),6498,Very low crime area
739,ODISHA,SRP(ROURKELA),4336,Very low crime area
740,ODISHA,SUNDARGARH,21617,Low crime area
743,PUDUCHERRY,KARAIKAL,6605,Very low crime area
744,PUDUCHERRY,PONDICHERRY,30419,Low crime area
745,PUDUCHERRY,PUDUCHERRY,24431,Low crime area
748,PUNJAB,AMRITSAR,15877,Very low crime area
749,PUNJAB,AMRITSAR RURAL,7454,Very low crime area
750,PUNJAB,BARNALA,8938,Very low crime area
751,PUNJAB,BATALA,11834,Very low crime area
752,PUNJAB,BATHINDA,2117,Very low crime area
753,PUNJAB,BHATINDA,21586,Low crime area
754,PUNJAB,CP AMRITSAR,9254,Very low crime area
755,PUNJAB,CP JALANDHAR,9700,Very low crime area
756,PUNJAB,CP LUDHIANA,16881,Very low crime area
757,PUNJAB,FARIDKOT,10137,Very low crime area
758,PUNJAB,FATEHGARH SAHIB,11068,Very low crime area
759,PUNJAB,FAZILKA,3542,Very low crime area
760,PUNJAB,FEROZEPUR,7333,Very low crime area
761,PUNJAB,FEROZPUR,14388,Very low crime area
762,PUNJAB,G. R. P.,372,Very low crime area
763,PUNJAB,G.R.P,4901,Very low crime area
764,PUNJAB,GURDASPUR,12390,Very low crime area
765,PUNJAB,HOSHIARPUR,20591,Low crime area
766,PUNJAB,JAGRAON,5444,Very low crime area
767,PUNJAB,JALANDHAR,30397,Low crime area
768,PUNJAB,JALANDHAR RURAL,6175,Very low crime area
769,PUNJAB,KAPURTHALA,15831,Very low crime area
770,PUNJAB,KHANNA,12018,Very low crime area
771,PUNJAB,LUDHIANA,33313,Low crime area
772,PUNJAB,LUDHIANA RURAL,5390,Very low crime area
773,PUNJAB,MAJITHA,4151,Very low crime area
774,PUNJAB,MANSA,9220,Very low crime area
775,PUNJAB,MOGA,14587,Very low crime area
776,PUNJAB,MUKTSAR,9891,Very low crime area
777,PUNJAB,NAWAN SHAHR,5181,Very low crime area
778,PUNJAB,PATHANKOT,2032,Very low crime area
779,PUNJAB,PATIALA,41928,Low crime area
780,PUNJAB,ROPAR,15179,Very low crime area
781,PUNJAB,SANGRUR,22783,Low crime area
782,PUNJAB,SAS NAGAR,2408,Very low crime area
783,PUNJAB,SAS NGR,16329,Very low crime area
784,PUNJAB,SBS NAGAR,5138,Very low crime area
785,PUNJAB,TARN TARAN,12197,Very low crime area
788,RAJASTHAN,AJMER,95564,High crime area
789,RAJASTHAN,ALWAR,128797,Very high crime area
790,RAJASTHAN,BANSWARA,37746,Low crime area
791,RAJASTHAN,BARAN,47233,Low crime area
792,RAJASTHAN,BARMER,42161,Low crime area
793,RAJASTHAN,BHARATPUR,111468,Very high crime area
794,RAJASTHAN,BHILWARA,77477,High crime area
795,RAJASTHAN,BIKANER,56127,High crime area
796,RAJASTHAN,BUNDI,48396,Low crime area
797,RAJASTHAN,CHITTORGARH,77983,High crime area
798,RAJASTHAN,CHURU,41521,Low crime area
799,RAJASTHAN,DAUSA,62354,High crime area
800,RAJASTHAN,DHOLPUR,48567,Low crime area
801,RAJASTHAN,DISCOM,0,Very low crime area
802,RAJASTHAN,DUNGARPUR,27518,Low crime area
803,RAJASTHAN,G.R.P.,8236,Very low crime area
804,RAJASTHAN,G.R.P. AJMER,617,Very low crime area
805,RAJASTHAN,G.R.P. JODHPUR,149,Very low crime area
806,RAJASTHAN,G.R.P.AJMER,3629,Very low crime area
807,RAJASTHAN,G.R.P.JODHPUR,639,Very low crime area
808,RAJASTHAN,GANGANAGAR,76151,High crime area
809,RAJASTHAN,HANUMANGARH,53432,High crime area
810,RAJASTHAN,JAIPUR,99527,Very high crime area
811,RAJASTHAN,JAIPUR EAST,61170,High crime area
812,RAJASTHAN,JAIPUR NORTH,33303,Low crime area
813,RAJASTHAN,JAIPUR RURAL,66638,High crime area
814,RAJASTHAN,JAIPUR SOUTH,47152,Low crime area
815,RAJASTHAN,JAIPUR WEST,24170,Low crime area
816,RAJASTHAN,JAISALMER,14343,Very low crime area
817,RAJASTHAN,JALORE,34623,Low crime area
818,RAJASTHAN,JHALAWAR,51489,High crime area
819,RAJASTHAN,JHUNJHUNU,56966,High crime area
820,RAJASTHAN,JODHPUR,33821,Low crime area
821,RAJASTHAN,JODHPUR CITY,21731,Low crime area
822,RAJASTHAN,JODHPUR EAST,8073,Very low crime area
823,RAJASTHAN,JODHPUR RURAL,25084,Low crime area
824,RAJASTHAN,JODHPUR WEST,8498,Very low crime area
825,RAJASTHAN,KARAULI,52998,High crime area
826,RAJASTHAN,KOTA,33935,Low crime area
827,RAJASTHAN,KOTA CITY,38205,Low crime area
828,RAJASTHAN,KOTA RURAL,19928,Very low crime area
829,RAJASTHAN,NAGAUR,62589,High crime area
830,RAJASTHAN,PALI,72227,High crime area
831,RAJASTHAN,PRAAPGARH,3124,Very low crime area
832,RAJASTHAN,PRATAPGARH,13308,Very low crime area
833,RAJASTHAN,RAJSAMAND,34774,Low crime area
834,RAJASTHAN,SAWAI MADHOPUR,48863,Low crime area
835,RAJASTHAN,SIKAR,67939,High crime area
836,RAJASTHAN,SIROHI,28739,Low crime area
837,RAJASTHAN,TONK,51604,High crime area
839,RAJASTHAN,UDAIPUR,101970,Very high crime area
841,SIKKIM,CID,7,Very low crime area
842,SIKKIM,EAST,4472,Very low crime area
843,SIKKIM,NORTH,509,Very low crime area
844,SIKKIM,SOUTH,2425,Very low crime area
846,SIKKIM,WEST,1503,Very low crime area
848,TAMIL NADU,ARIYALUR,13825,Very low crime area
849,TAMIL NADU,CHENGAI,43561,Low crime area
850,TAMIL NADU,CHENNAI,152842,Very high crime area
851,TAMIL NADU,CHENNAI RLY.,6695,Very low crime area
852,TAMIL NADU,CHENNAISUBURBAN,19404,Very low crime area
853,TAMIL NADU,COIMBATORE,4996,Very low crime area
854,TAMIL NADU,COIMBATORE CITY,4281,Very low crime area
855,TAMIL NADU,COIMBATORE RURAL,104076,Very high crime area
856,TAMIL NADU,COIMBATORE URBAN,70487,High crime area
857,TAMIL NADU,CUDDALORE,105767,Very high crime area
858,TAMIL NADU,CYBER CELL,3,Very low crime area
859,TAMIL NADU,DHARMAPURI,57130,High crime area
860,TAMIL NADU,DINDIGUL,72178,High crime area
861,TAMIL NADU,ERODE,85061,High crime area
862,TAMIL NADU,KANCHIPURAM,92038,High crime area
863,TAMIL NADU,KANYAKUMARI,58016,High crime area
864,TAMIL NADU,KARUR,34630,Low crime area
865,TAMIL NADU,KRISHNAGIRI,51483,High crime area
866,TAMIL NADU,MADURAI,8212,Very low crime area
867,TAMIL NADU,MADURAI CITY,3226,Very low crime area
868,TAMIL NADU,MADURAI RURAL,67930,High crime area
869,TAMIL NADU,MADURAI URBAN,39747,Low crime area
870,TAMIL NADU,NAGAPATTINAM,55637,High crime area
871,TAMIL NADU,NAMAKKAL,54430,High crime area
872,TAMIL NADU,NILGIRIS,19227,Very low crime area
873,TAMIL NADU,OTHER UNITS,0,Very low crime area
874,TAMIL NADU,PERAMBALUR,29358,Low crime area
875,TAMIL NADU,PUDUKOTTAI,49080,Low crime area
876,TAMIL NADU,RAILWAY CHENNAI,637,Very low crime area
877,TAMIL NADU,RAILWAY TRICHY,229,Very low crime area
878,TAMIL NADU,RAMNATHAPURAM,45179,Low crime area
879,TAMIL NADU,SALEM,4696,Very low crime area
880,TAMIL NADU,SALEM CITY,4504,Very low crime area
881,TAMIL NADU,SALEM RURAL,76313,High crime area
882,TAMIL NADU,SALEM URBAN,33443,Low crime area
883,TAMIL NADU,SIVAGANGAI,41184,Low crime area
884,TAMIL NADU,THANJAVUR,78491,High crime area
885,TAMIL NADU,THENI,55606,High crime area
886,TAMIL NADU,THIRUNELVELI,8490,Very low crime area
887,TAMIL NADU,THIRUNELVELI CITY,1623,Very low crime area
888,TAMIL NADU,THIRUNELVELI RURAL,94115,High crime area
889,TAMIL NADU,THIRUNELVELI URBAN,18073,Very low crime area
890,TAMIL NADU,THIRUVALLUR,49357,Low crime area
891,TAMIL NADU,THIRUVANNAMALAI,59673,High crime area
892,TAMIL NADU,THIRUVARUR,48316,Low crime area
893,TAMIL NADU,THOOTHUGUDI,71564,High crime area
894,TAMIL NADU,TIRUPPUR,34205,Low crime area
895,TAMIL NADU,TIRUPPUR CITY,2490,Very low crime area
897,TAMIL NADU,TRICHY,4688,Very low crime area
898,TAMIL NADU,TRICHY CITY,3074,Very low crime area
899,TAMIL NADU,TRICHY RLY.,2349,Very low crime area
900,TAMIL NADU,TRICHY RURAL,49715,Low crime area
901,TAMIL NADU,TRICHY URBAN,38979,Low crime area
902,TAMIL NADU,VELLORE,108817,Very high crime area
903,TAMIL NADU,VILLUPURAM,101405,Very high crime area
904,TAMIL NADU,VILUPPURAM,5959,Very low crime area
905,TAMIL NADU,VIRUDHUNAGAR,64227,High crime area
907,TELANGANA,ADILABAD,6036,Very low crime area
908,TELANGANA,CYBERABAD,19311,Very low crime area
909,TELANGANA,HYDERABAD CITY,18940,Very low crime area
910,TELANGANA,KARIMNAGAR,9382,Very low crime area
911,TELANGANA,KHAMMAM,11022,Very low crime area
912,TELANGANA,MAHABOOB NAGAR,7533,Very low crime area
913,TELANGANA,MEDAK,6931,Very low crime area
914,TELANGANA,NALGONDA,9254,Very low crime area
915,TELANGANA,NIZAMABAD,7053,Very low crime area
916,TELANGANA,RANGA REDDY,2309,Very low crime area
917,TELANGANA,SECUNDERABAD RAILWAY,860,Very low crime area
919,TELANGANA,WARANGAL,4407,Very low crime area
920,TELANGANA,WARANGAL URBAN,3792,Very low crime area
921,TRIPURA,DHALAI,5492,Very low crime area
922,TRIPURA,G. R. P.,9,Very low crime area
923,TRIPURA,G.R.P.,6,Very low crime area
924,TRIPURA,GOMATI,3021,Very low crime area
925,TRIPURA,GRP,35,Very low crime area
926,TRIPURA,KHIRI,848,Very low crime area
927,TRIPURA,KOWAI,338,Very low crime area
928,TRIPURA,NORTH,10421,Very low crime area
929,TRIPURA,SIPAHIJALA,2655,Very low crime area
930,TRIPURA,SOUTH,15119,Very low crime area
932,TRIPURA,UNAKOTI,1367,Very low crime area
933,TRIPURA,WEST,25131,Low crime area
935,UTTAR PRADESH,AGRA,96803,High crime area
936,UTTAR PRADESH,ALIGARH,70708,High crime area
937,UTTAR PRADESH,ALLAHABAD,75314,High crime area
938,UTTAR PRADESH,AMBEDKAR NAGAR,14930,Very low crime area
939,UTTAR PRADESH,AMETHI,3188,Very low crime area
940,UTTAR PRADESH,AMROHA,5226,Very low crime area
941,UTTAR PRADESH,AURAIYA,15211,Very low crime area
942,UTTAR PRADESH,AZAMGARH,27657,Low crime area
943,UTTAR PRADESH,BADAUN,33272,Low crime area
944,UTTAR PRADESH,BAGHPAT,18581,Very low crime area
945,UTTAR PRADESH,BAHRAICH,23522,Low crime area
946,UTTAR PRADESH,BALLIA,16554,Very low crime area
947,UTTAR PRADESH,BALRAMPUR,6681,Very low crime area
948,UTTAR PRADESH,BANDA,18797,Very low crime area
949,UTTAR PRADESH,BARABANKI,30359,Low crime area
950,UTTAR PRADESH,BAREILLY,67032,High crime area
951,UTTAR PRADESH,BASTI,14814,Very low crime area
952,UTTAR PRADESH,BHIM NAGAR,3651,Very low crime area
953,UTTAR PRADESH,BIJNOR,33419,Low crime area
954,UTTAR PRADESH,BULANDSHAHAR,47644,Low crime area
955,UTTAR PRADESH,CHANDOLI,11679,Very low crime area
956,UTTAR PRADESH,CHITRAKOOT,988,Very low crime area
957,UTTAR PRADESH,CHITRAKOOT DHAM,6358,Very low crime area
958,UTTAR PRADESH,CSM NAGAR,4011,Very low crime area
959,UTTAR PRADESH,DEORIA,17952,Very low crime area
960,UTTAR PRADESH,ETAH,33684,Low crime area
961,UTTAR PRADESH,ETAWAH,26873,Low crime area
962,UTTAR PRADESH,FAIZABAD,23639,Low crime area
963,UTTAR PRADESH,FATEHGARH,18246,Very low crime area
964,UTTAR PRADESH,FATEHPUR,23999,Low crime area
965,UTTAR PRADESH,FIROZABAD,39388,Low crime area
966,UTTAR PRADESH,G. R. P.,5158,Very low crime area
967,UTTAR PRADESH,G.R.P.,41303,Low crime area
968,UTTAR PRADESH,GAUTAMBUDH NAGAR,59920,High crime area
969,UTTAR PRADESH,GHAZIABAD,91175,High crime area
970,UTTAR PRADESH,GHAZIPUR,15436,Very low crime area
971,UTTAR PRADESH,GONDA,23121,Low crime area
972,UTTAR PRADESH,GORAKHPUR,46583,Low crime area
973,UTTAR PRADESH,HAMIRPUR,9449,Very low crime area
974,UTTAR PRADESH,HAPUR,3680,Very low crime area
975,UTTAR PRADESH,HARDOI,33197,Low crime area
976,UTTAR PRADESH,HATHRAS,24716,Low crime area
977,UTTAR PRADESH,J.P.NAGAR,15665,Very low crime area
978,UTTAR PRADESH,JALAUN,15794,Very low crime area
979,UTTAR PRADESH,JAUNPUR,25529,Low crime area
980,UTTAR PRADESH,JHANSI,20594,Low crime area
981,UTTAR PRADESH,KANNAUJ,17621,Very low crime area
982,UTTAR PRADESH,KANPUR DEHAT,18166,Very low crime area
983,UTTAR PRADESH,KANPUR NAGAR,89904,High crime area
984,UTTAR PRADESH,KANSHIRAM NAGAR,4803,Very low crime area
985,UTTAR PRADESH,KASGANJ,2571,Very low crime area
986,UTTAR PRADESH,KAUSHAMBI,16723,Very low crime area
987,UTTAR PRADESH,KHIRI,37910,Low crime area
988,UTTAR PRADESH,KUSHI NAGAR,18012,Very low crime area
989,UTTAR PRADESH,LALITPUR,8395,Very low crime area
990,UTTAR PRADESH,LUCKNOW,147067,Very high crime area
991,UTTAR PRADESH,MAHARAJGANJ,12604,Very low crime area
992,UTTAR PRADESH,MAHOBA,8370,Very low crime area
993,UTTAR PRADESH,MAINPURI,26941,Low crime area
994,UTTAR PRADESH,MATHURA,49353,Low crime area
995,UTTAR PRADESH,MAU,15558,Very low crime area
996,UTTAR PRADESH,MEERUT,80443,High crime area
997,UTTAR PRADESH,MIRZAPUR,13069,Very low crime area
998,UTTAR PRADESH,MORADABAD,51986,High crime area
999,UTTAR PRADESH,MUZAFFARNAGAR,51989,High crime area
1000,UTTAR PRADESH,PANCHSHIL NAGAR,3824,Very low crime area
1001,UTTAR PRADESH,PILIBHIT,28294,Low crime area
1002,UTTAR PRADESH,PRABUDDH NAGAR,2554,Very low crime area
1003,UTTAR PRADESH,PRATAPGARH,29728,Low crime area
1004,UTTAR PRADESH,RAIBAREILLY,26464,Low crime area
1005,UTTAR PRADESH,RAMABAI NAGAR,5680,Very low crime area
1006,UTTAR PRADESH,RAMPUR,26039,Low crime area
1007,UTTAR PRADESH,SAHARANPUR,39507,Low crime area
1008,UTTAR PRADESH,SAMBHAL,4371,Very low crime area
1009,UTTAR PRADESH,SANT KABIRNAGAR,8995,Very low crime area
1010,UTTAR PRADESH,SHAHJAHANPUR,34046,Low crime area
1011,UTTAR PRADESH,SHAMLI,3084,Very low crime area
1012,UTTAR PRADESH,SHRAWASTI,7352,Very low crime area
1013,UTTAR PRADESH,SIDHARTHNAGAR,10132,Very low crime area
1014,UTTAR PRADESH,SITAPUR,45655,Low crime area
1015,UTTAR PRADESH,SONBHADRA,10063,Very low crime area
1016,UTTAR PRADESH,ST.RAVIDASNAGAR,6458,Very low crime area
1017,UTTAR PRADESH,SULTANPUR,25496,Low crime area
1019,UTTAR PRADESH,UNNAO,31055,Low crime area
1020,UTTAR PRADESH,VARANASI,43207,Low crime area
1022,UTTARAKHAND,ALMORA,3095,Very low crime area
1023,UTTARAKHAND,BAGESHWAR,1212,Very low crime area
1024,UTTARAKHAND,CHAMOLI,2256,Very low crime area
1025,UTTARAKHAND,CHAMPAWAT,1396,Very low crime area
1026,UTTARAKHAND,DEHRADUN,29316,Low crime area
1027,UTTARAKHAND,HARIDWAR,32042,Low crime area
1028,UTTARAKHAND,NAINITAL,12148,Very low crime area
1029,UTTARAKHAND,PAURI GARHWAL,4498,Very low crime area
1030,UTTARAKHAND,PITHORAGARH,3033,Very low crime area
1031,UTTARAKHAND,RUDRA PRAYAG,1504,Very low crime area
1032,UTTARAKHAND,TEHRI GARHWAL,2817,Very low crime area
1034,UTTARAKHAND,UDHAMSINGH NAGAR,26298,Low crime area
1035,UTTARAKHAND,UTTARKASHI,2290,Very low crime area
1037,WEST BENGAL,24 PARGANAS NORTH,136204,Very high crime area
1038,WEST BENGAL,24 PARGANAS SOUTH,136479,Very high crime area
1039,WEST BENGAL,ALIPURDUAR,3355,Very low crime area
1040,WEST BENGAL,ASANSOL,24462,Low crime area
1041,WEST BENGAL,ASANSOL-DURGAPUR PC,4738,Very low crime area
1042,WEST BENGAL,BANKURA,25391,Low crime area
1043,WEST BENGAL,BARRACKPUR PC,8087,Very low crime area
1044,WEST BENGAL,BDN CP,5937,Very low crime area
1045,WEST BENGAL,BIDAR,3014,Very low crime area
1046,WEST BENGAL,BIRBHUM,32853,Low crime area
1047,WEST BENGAL,BKP CP,13189,Very low crime area
1048,WEST BENGAL,BURDWAN,64972,High crime area
1049,WEST BENGAL,COOCHBEHAR,35997,Low crime area
1050,WEST BENGAL,DAKSHIN DINAJPUR,22445,Low crime area
1051,WEST BENGAL,DARJEELING,28856,Low crime area
1052,WEST BENGAL,HOOGHLY,62879,High crime area
1053,WEST BENGAL,HOWRAH,49652,Low crime area
1054,WEST BENGAL,HOWRAH CITY,25258,Low crime area
1055,WEST BENGAL,HOWRAH G. R. P.,5259,Very low crime area
1056,WEST BENGAL,HOWRAH G.R.P.,7723,Very low crime area
1057,WEST BENGAL,HOWRAH PC,6273,Very low crime area
1058,WEST BENGAL,HOWRAH RURAL,445,Very low crime area
1059,WEST BENGAL,JALPAIGURI,75172,High crime area
1060,WEST BENGAL,JHARGRAM,1391,Very low crime area
1061,WEST BENGAL,JHARGRAM POLICE DISTRICT,803,Very low crime area
1062,WEST BENGAL,KHARAGPUR G. R. P.,213,Very low crime area
1063,WEST BENGAL,KHARAGPUR G.R.P.,2006,Very low crime area
1064,WEST BENGAL,KOLKATA,152842,Very high crime area
1065,WEST BENGAL,MALDA,47055,Low crime area
1066,WEST BENGAL,MIDNAPUR,4617,Very low crime area
1067,WEST BENGAL,MURSHIDABAD,112761,Very high crime area
1068,WEST BENGAL,NADIA,103238,Very high crime area
1069,WEST BENGAL,NORTH 24 PARGANAS,14867,Very low crime area
1070,WEST BENGAL,PASCHIM MEDINIPUR,5791,Very low crime area
1071,WEST BENGAL,PASCHIM MIDNAPUR,43720,Low crime area
1072,WEST BENGAL,PURAB MEDINIPUR,6778,Very low crime area
1073,WEST BENGAL,PURAB MIDNAPUR,40797,Low crime area
1074,WEST BENGAL,PURULIA,20371,Low crime area
1075,WEST BENGAL,SEALDAH G. R. P.,655,Very low crime area
1076,WEST BENGAL,SEALDAH G.R.P.,5393,Very low crime area
1077,WEST BENGAL,SILIGURI G. R. P.,220,Very low crime area
1078,WEST BENGAL,SILIGURI G.R.P.,2002,Very low crime area
1079,WEST BENGAL,SILIGURI PC,4623,Very low crime area
1080,WEST BENGAL,SILIGURI_PC,8198,Very low crime area
1081,WEST BENGAL,SOUTH 24 PARGANAS,21049,Low crime area
1083,WEST BENGAL,UTTAR DINAJPUR,45282,Low crime area
